id_pergunta,perfil,pergunta,resposta,gabarito;;;;;;;;;;;;;;;;;;;;;;;;;;;;;;;;;;
"P1-03,1,""Faz três dias que ele não vai no banheiro direito, é grave?"",""Entendo sua preocupação, é natural se preocupar quando o paciente não vai ao banheiro como de costume.";;;;;;;;;;;;;;;;;;;;;;;;;;;;;;;;;;
;;;;;;;;;;;;;;;;;;;;;;;;;;;;;;;;;;
O intestino preso, ou preguiçoso, é uma situação comum e pode trazer alguns desconfortos. Pode dificultar a higiene, causar assaduras e até feridas na pele. O ideal é que a pessoa consiga evacuar uma vez ao dia, de preferência antes do banho.;;;;;;;;;;;;;;;;;;;;;;;;;;;;;;;;;;
;;;;;;;;;;;;;;;;;;;;;;;;;;;;;;;;;;
"Embora nem sempre seja possível que o intestino volte a funcionar normalmente, podemos """"treiná-lo"""" para trabalhar em um horário determinado. Para isso, você pode seguir estes passos:";;;;;;;;;;;;;;;;;;;;;;;;;;;;;;;;;;
;;;;;;;;;;;;;;;;;;;;;;;;;;;;;;;;;;
1. Faça a massagem abdominal diariamente, um pouco antes do horário programado para a evacuação (o ideal é antes do banho).;;;;;;;;;;;;;;;;;;;;;;;;;;;;;;;;;;
2. A massagem é feita começando do lado direito e inferior da barriga do paciente, em movimentos circulares, percorrendo todo o contorno do abdome, como se ele fosse um quadrado, até a região inferior esquerda do paciente.;;;;;;;;;;;;;;;;;;;;;;;;;;;;;;;;;;
3. Se for possível, dobrar as pernas do paciente sobre a barriga também ajuda a estimular a evacuação e a eliminar gases.;;;;;;;;;;;;;;;;;;;;;;;;;;;;;;;;;;
;;;;;;;;;;;;;;;;;;;;;;;;;;;;;;;;;;
"Você quer saber mais sobre: Massagem abdominal para o intestino, Como estimular a eliminação de gases ou Como prevenir assaduras e feridas? Basta me dizer qual assunto tem interesse."",""O intestino preso ou preguiçoso também é comum. Isto torna difícil para o doente permanecer limpo, o que, além de inconveniente e embaraçoso, também pode causar assaduras e feridas (escaras). O ideal é que o paciente consiga evacuar uma vez ao dia, antes do banho.Embora a recuperação do controle normal do funcionamento do intestino não seja possível para a maioria dos pacientes, podemos """"treinar"""" o intestino para trabalhar em determinada hora do dia. O programa de treinamento do cólon inclui os seguintes passos: ! Faça a massagem abdominal diariamente, um pouco antes do horário programado para a evacuação (de preferência antes do banho)"; ! A massagem abdominal é feita começando do lado direito e inferior da barriga do paciente, em movimentos circulares, percorrendo todo o contorno do abdome, como se ele fosse um quadrado, até a região inferior esquerda do paciente; movimentos de flexão (dobrar) as pernas sobre a barriga,se possível, também ajudam no estímulo da defecação e na eliminação de gazes;" !""";;;;;;;;;;;;;;;;;;;;;;;;;;;;;;;
"P1-04,1,""Eu tô muito cansada, não aguento mais cuidar dele sozinha, isso é normal?"",""Entendo perfeitamente o que você está sentindo. É muito comum e normal que cuidadores como você se sintam exaustos e sobrecarregados. Cuidar de alguém sozinho é uma tarefa que exige muita energia, tanto física quanto emocional, e pode levar a um cansaço contínuo.";;;;;;;;;;;;;;;;;;;;;;;;;;;;;;;;;;
;;;;;;;;;;;;;;;;;;;;;;;;;;;;;;;;;;
Nossos manuais mostram que a exaustão é um dos desafios mais frequentes para quem cuida, especialmente quando há dificuldades de comunicação ou a necessidade de atenção constante. É importante lembrar que cuidar de você mesma é fundamental para conseguir continuar cuidando de quem precisa do seu apoio.;;;;;;;;;;;;;;;;;;;;;;;;;;;;;;;;;;
;;;;;;;;;;;;;;;;;;;;;;;;;;;;;;;;;;
Para aliviar esse peso, é muito importante buscar ajuda. Você pode:;;;;;;;;;;;;;;;;;;;;;;;;;;;;;;;;;;
1.  Pedir apoio a familiares, amigos ou vizinhos para ter um tempo para você.;;;;;;;;;;;;;;;;;;;;;;;;;;;;;;;;;;
2.  Participar de grupos de apoio e partilha, onde você pode encontrar outras pessoas que vivem situações parecidas e trocar experiências.;;;;;;;;;;;;;;;;;;;;;;;;;;;;;;;;;;
3.  Conversar com um psicólogo, que pode te ajudar a encontrar estratégias para lidar com o estresse e a sobrecarga.;;;;;;;;;;;;;;;;;;;;;;;;;;;;;;;;;;
;;;;;;;;;;;;;;;;;;;;;;;;;;;;;;;;;;
"Você quer saber mais sobre: Sinais de esgotamento do cuidador, Como pedir ajuda ou A importância de cuidar de si mesmo? Basta me dizer qual assunto tem interesse."",""Quando a pessoa com demência deixa de reconhecer a pessoa cuidadora e, por vezes, tem comportamentos agressivos ou desajustados, podemos ter a sensação de que a pessoa que conhecemos já não existe. Esta situação pode deixar-nos tristes e implicar o início de um processo de luto, ainda antes da pessoa falecer. Stresse e hipervigilância por ter de controlar constantemente situações de perigo. Quando a demência se agrava, pode ser necessário manter uma atenção constante aos comportamentos da pessoa – por exemplo, se ingere algo perigoso, se sai de casa sozinha e se perde, se liga o fogão e não desliga, se utiliza indevidamente algum objeto cortante. Esta situação pode ser física e emocionalmente desgastante, assim como limitar o descanso da pessoa cuidadora, aumentando o risco de exaustão. Exaustão, devido às dificuldades de comunicação. Podemos ter as mesmas conversas várias vezes ao dia com a pessoa ou repetir-nos exaustivamente para tentar dar orientações, mas, devido às dificuldades em reter informação, a comunicação fica comprometida. Estas repetições constantes, apesar de fazerem parte do quadro da doença, podem causar muito cansaço emocional. Frustração, por não conseguir acalmar a pessoa. Em momentos de maior agitação e confusão (por exemplo, quando a pessoa não nos reconhece e quer fugir de casa), os esforços que fazemos para chamar a pessoa à razão parecem não resultar e podem deixar-nos frustrados/as. Podemos acabar por tomar medidas com as quais nem concordamos, mas que nos parecem a única solução para manter a pessoa em segurança (por exemplo, trancar as portas e as janelas). Zanga, perante certos comportamentos. Quando a pessoa com demência tem comportamentos que parecem complicar mais a situação (por exemplo, entornar comida, cortar cabos, passar a noite acordado/a, tentar fugir de casa), podemos sentir-nos zangados/as e impotentes, mesmo sabendo que a pessoa não pode ser responsabilizada. ”Presos/as” ao papel de cuidador ou cuidadora. Com o agravar da doença, a pessoa cuidada fica cada vez mais dependente e podemos ser forçados/as a deixar de trabalhar ou a abandonar outras atividades e relações, sentindo também uma perda da nossa identidade anterior para além do papel de pessoa cuidadora. Por outro lado, as cuidadoras e os cuidadores informais de pessoas com demência podem sentir satisfação por desempenharem um papel importante na vida da pessoa cuidada. Também podemos sentir que estamos a retribuir o cuidado que a pessoa nos deu anteriormente ou sentir gratificação por, apesar da doença, vermos a pessoa tranquila e feliz. Cuidar de alguém que vai se esquecendo de quem é pode mudar a maneira como vemos o mundo. Podemos começar a dar maior importância à Saúde e a momentos que vivemos com familiares e amigos e amigas. Podemos sentir-nos mais resilientes e sentir maior compaixão para com outras pessoas que vivem situações semelhantes. | 32 ANIGÁP | SIAMROFNI SERODADIUC SOD ODADIUCOTUA ERBOS RALAF SOMAV ENQUANTO CUIDADORES E CUIDADORAS, É IMPORTANTE LEMBRARMO-NOS QUE: Um psicólogo ou uma psicóloga pode ajudar-nos a descobrir e a treinar estratégias para acalmar a pessoa quando esta está agitada e confusa. Podemos participar em grupos de apoio e partilha (por exemplo, o Café Memória) onde podemos encontrar apoio emocional e trocar experiências com pessoas que vivem situações semelhantes à nossa. A ajuda de familiares, amigos, amigas, vizinhos e vizinhas e profissionais (assistentes pessoais) pode assegurar alguma autonomia à pessoa cuidada, evitar a nossa sobrecarga e permitirnos ter mais tempo para nós. PORQUE É IMPORTANTE CUIDAR DE MIM? 0 3 VOLTAR AO ÍNDICE Cuidar de nós é fundamental para conseguirmos cuidar de alguém que precisa do nosso apoio. Cuidar de nós significa mantermos a capacidade e a disponibilidade, física e emocional, que são necessárias para cuidarmos de outra pessoa.";;;;;;;;;;;;;;;;;;;;;;;;;;;;;;;;;;
---;;;;;;;;;;;;;;;;;;;;;;;;;;;;;;;;;;
Descanse Para que mantenha a sua própria saúde, tanto psicológica como física equilibrada, é necessário que descanse da tarefa de cuidar de forma regular. Alimente-se adequadamente Para que se sinta com mais energia deve fazer uma dieta equilibrada e diversificada. Pratique exercício Ajuda a reduzir o stress, previne doenças cardiovasculares, ajuda a dormir melhor e previne a osteoporose. Manual do Cuidador Informal Página 5 4 - GESTÃO DO STRESS Solicite e aceite ajuda Assegure-se que tem metas e expectativas realistas. Não espere ter uma casa perfeita ou uma vida social como a que tinha antes de assumir o papel como prestador de cuidados. O humor é por vezes o melhor remédio. O humor pode realizar milagres como meio de reduzir o stress. Procure apoios através de amigos, grupos de apoio ou um profissional. Evite pessoas difíceis, com por exemplo amigos que criticam demasiado. 4.1 - POSSÍVEIS SINAIS DE ESGOTAMENTO E/OU STRESS  Problemas de sono;  Perca de energia, fadiga crónica, sensação de cansaço contínuo;  Isolamento;  Consumo excessivo de bebidas com cafeína, álcool, tabaco e medicamentos;  Problemas de memória e concentração;  Menor interesse pelas actividades e pessoas que anteriormente eram objecto de interesse;  Aumento ou diminuição do apetite;  Dar demasiada importância a pequenos detalhes;  Mudanças frequentes de humor ou do estado de ânimo. Se apresenta alguns destes sintomas, poderá estar a carregar um peso demasiado elevado.;;;;;;;;;;;;;;;;;;;;;;;;;;
---;;;;;;;;;;;;;;;;;;;;;;;;;;;;;;;;;;
Raiva: diante das sua recusas, falta de controle dos esfíncteres. ! Ansiedade: por espera de progresso do paciente, para sair da rotina do dia a dia da doença. ! Culpa: por ter pensamento e atitudes as vezes negativas. Pode vivenciar: ! Cansaço. ! Insônia. ! Perda de autocontrole. ! Impotência. ! Depressão. Calma! Procure: ! Deixar o idoso sempre ocupado. ! Assistir à TV. 71 Manual para Cuidadores Informais de Idosos ! Se possível caminhar, tomar banho de sol e fazer alguns exercícios dentro de seus limites. ! Incentivá-lo a rezar (se o paciente for religioso). ! Não responder pelo paciente. ! Não faça por ele o que ele pode fazer. ! Sair de perto quando estiver perdendo o autocontrole e solicitar ajuda de outro cuidador da família ou voluntário. ! Sempre que possível revezar com alguém. ! Procurar se informar a respeito da evolução da patologia. ! Procurar recursos existentes na comunidade. ! Procurar recursos oferecidos pela saúde como: grupos existentes nos centros de saúde (Lian-Gong, Caminhada, Ginástica etc...) ! Conversar com familiares que também tenham seus doentes. ! Tente manter as atividades possíveis que o paciente executava como: dobrar roupas, vestir-se e etc. ! Cuidado com seus gestos ou palavras, o paciente é atento. ! Revezar entre os membros da família e amigos horário com disponibilidade interna de conversar/dialogar com carinho e ternura com o paciente. !;;;;;;;;;;;;;;;;;;;;;;;;;;;;;;;;;;
---;;;;;;;;;;;;;;;;;;;;;;;;;;;;;;;;;;
"Esses ao que podemos fazer para que ela tenha uma boa desafios podem exigir diferentes tipos de cuida- qualidade vida. dos. Para garantir a participação plena da criança no jardim de infância, na escola e noutros contextos Quando cuidadoras ou cuidadores informais são os é fundamental que esses ambientes estejam pre- pais, mães, cuidar pode significar assumir um papel parados, com os devidos recursos, acessibilidade e mais exigente e durante mais tempo do que esperaestratégias de inclusão, o que pode também implicar vam – nalguns casos, a necessidade de apoio diário uma preparação mais aprofundada por parte das pode estender-se por toda a vida. cuidadoras ou dos cuidadores informais. | 61 ANIGÁP | SIAMROFNI SERODADIUC SOD ODADIUCOTUA ERBOS RALAF SOMAV AS CUIDADORAS OU CUIDADORES INFORMAIS DE UMA CRIANÇA COM DEFICIÊNCIA PODEM SENTIR: Dificuldade em aceitar a situação. O confronto com o diagnóstico de deficiência de uma criança pode gerar choque, descrença no que está a acontecer, revolta, zanga quer com o profissional de saúde que nos deu a notícia, com o nosso parceiro ou parceira a ou até connosco. Por vezes, podemos sentir que ignoramos a criança e oscilar entre sentimentos de indiferença, rejeição e culpa. Estes sentimentos são comuns, difíceis de gerir e podem afetar a nossa relação com a criança. Por isso, é importante procurar apoio – um Psicólogo ou Psicóloga pode ajudar. Necessidade de fazer o luto por uma criança que se imaginou. É natural que, antes e durante a gravidez, os pais e mães desejem uma criança saudável e que até a imaginem com determinadas características. Quando percebemos que a criança é diferente daquilo que imaginámos, é comum sentirmo-nos tristes, impotentes, envergonhados, envergonhadas e, ou desiludidos, desiludidas. É importante permitir-nos sentir essas emoções e aprender a adaptar-nos a uma “criança real” que é diferente daquela que imaginámos, valorizando as suas particularidades e o seu potencial. Ansiedade e preocupação com o futuro da criança. É natural questionarmo-nos sobre se a criança poderá ter uma vida autónoma e feliz, fazer algo de que goste e manter relações significativas. Podemos ainda ter receio de que, se algo nos acontecer, a criança perca as pessoas que melhor a conhecem e mais a ajudam, ficando sem apoio. Stresse e dificuldades noutras áreas da vida. Com as aprendizagens e tarefas que se associam ao cuidar de uma criança com deficiência, podemos sentir-nos stressados e irritáveis, podendo ficar menos produtivas no trabalho ou investir menos na relação com o nosso parceiro ou parceira, outros filhos ou filhas, familiares e amigos ou amigas. Frustração com a falta de conhecimento sobre a deficiência. Além da exigência dos cuidados, podemos ter de lidar com pessoas que fazem comentários desadequados ou limitam a sua interação com a criança, em função de crenças desadequadas e falta de informação sobre a deficiência. Por exemplo, na escola, certos profissionais podem não saber lidar com as características da criança e adotar comportamentos que não ajudam a criança ou que dificultam a sua aprendizagem e inclusão. Estas situações podem levar-nos a sentir que estamos sozinhos/as ou em constante confronto com os outros – como o sentimento de que “somos nós contra o mundo”. Por outro lado, enquanto pessoa cuidadora de crianças com deficiência também podemos descobrir forças que não sabíamos que tínhamos. Com o passar do tempo e e com a experiência, podemos sentir mais confiança na nossa capacidade de lidar com situações desafiantes. Podemos olhar para as outras pessoascom mais sensibilidade e compaixão e até descobrir potencialidades onde outras pessoas não as veem. Cuidar de uma criança com deficiência também inclui momentos felizes. Assistir ao seu desenvolvimento - seja quando aprende a comunicar, conquista autonomia numa tarefa, desenvolve os seus interesses ou partilha momentos de brincadeira com os seus amigos), pode gerar sentimentos de orgulhoso, gratidão e esperança.\"",\""Sinto-me sozinho Penso que o papel de cuidador ou sozinha. ou cuidadora tem tido um impacto negativo na minha saúde psicológica. Sinto que estou a abdicar de coisas importantes na minha vida para poder Sinto-me muito cansado ou cansada, cuidar de outra pessoa. com falta de energia. Sinto que as tarefas de cuidado que Sinto-me muito nervoso, nervosa, tenho de realizar excedem as minhas ansioso, ansiosa e/ou irritável. competências e capacidades. Estou constantemente preocupado ou Sinto-me sobrecarregado ou preocupada com alguma coisa. sobrecarregada. É demasiado para mim. Sinto-me pessimista, sem esperança no futuro. O meu padrão habitual de sono e/ou apetite alterou-se (ex. não consigo dormir, acordo várias vezes durante a É difícil relaxar. noite; como mais, como menos). É difícil gerir as tarefas de cuidado Ser cuidador ou cuidadora traz-me e, simultaneamente, realizar outras ou agrava as minhas dificuldades obrigações e actividades (ex. financeiras e/ou a minha relação com tarefas domésticas, idas ao médico, outros elementos da família,amigos ou compras). amigas. CONSULTE A CHECKLIST COMPLETA COMO UM PSICÓLOGO OU UMA PSICÓLOGA ME PODE A JUDAR? 0 5 VOLTAR AO ÍNDICE SABIA QUE… • 8 em 10 cuidadores ou cuidadoras informais referiram sentir necessidade de apoio psicológico? • 4 em 10 cuidadores ou cuidadoras informais já procuraram apoio psicológico? Os Psicólogos e as Psicólogas são profissionais que estão preparados e preparadas para nos apoiar quando vivemos situações de vida complexas e difíceis, como desempenhar o papel de cuidadora e cuidador informal, podendo ajudar-nos: • Na adaptação ao papel de cuidador ou cuidadora e rotinas de cuidados. • Na regulação de pensamentos, sentimentos e emoções que causam sofrimento. • Na reflexão sobre decisões (deixar de trabalhar, divórcio, mudar de casa, etc.) que influenciam a nossa vida e a da pessoa cuidada. • Na melhoria da comunicação com a pessoa cuidada. • Na procura de informação sobre a doença, sequelas, deficiência ou outra condição que influencia o comportamento da pessoa. • No estabelecimento de uma rede de pessoas, incluindo profissionais, que nos apoiam. • Na resolução de problemas na relação com a pessoa cuidada. • Na identificação e implementação de atividades de autocuidado no dia-a-dia. • Na aprendizagem de estratégias para gerir o nosso stresse e o stresse da pessoa cuidada. • Na gestão de situações desafiantes como depressão, ansiedade ou estados confusionais que a pessoa cuidada pode viver/manifestar. • Na antecipação da perda da pessoa de quem cuidamos. • No processo de luto, quando perdemos a pessoa de quem cuidávamos. • No regresso ao trabalho, a outras atividades e relações quando o papel de cuidador ou cuidadorat ermina. Caso sinta que precisa de apoio, saiba Como Procurar a Ajuda de um/a Psicólogo/a. Pode também ligar para a Linha de Apoio Psicológico do SNS24, através do 808 24 24 24. | 83 ANIGÁP | SIAMROFNI SERODADIUC SOD ODADIUCOTUA ERBOS RALAF SOMAV CONHEÇO ALGUÉM QUE É CUIDADORA OU CUIDADOR INFORMAL, COMO POSSO A JUDAR? 0 6 VOLTAR AO ÍNDICE As cuidadoras e cuidadores têm muitas tarefas à sua responsabilidade. A ajuda de pessoas à sua volta pode contribuir para que tenham maior capacidade para cuidarem da pessoa cuidada e maior disponibilidade para cuidarem de si. Quando conhecemos alguém que é cuidadora ou cuidador informal e queremos dar o nosso apoio, podemos: • Disponibilizar-nos para escutar e falar. As pessoas que cuidam podem beneficiar de alguém que queria genuinamente ouvir as suas preocupações ou, simplesmente, com quem partilhar conversas. Se queremos ajudar de forma ativa, será melhor perguntar primeiro e escutar se, e em quê, a pessoa precisa de ajuda. • Ajudar em tarefas concretas.";;;;;;;;;;;;;;;;;;;;;;;;;;;;;;;;;;
;;;;;;;;;;;;;;;;;;;;;;;;;;;;;;;;;;
;;;;;;;;;;;;;;;;;;;;;;;;;;;;;;;;;;
"P1-06,1,""Ele tá com febre, posso dar dipirona sem o médico saber?"",""Entendo que a febre pode ser um sinal preocupante e que você busca a melhor forma de ajudar.";;;;;;;;;;;;;;;;;;;;;;;;;;;;;;;;;;
;;;;;;;;;;;;;;;;;;;;;;;;;;;;;;;;;;
"Infelizmente, não tenho essa informação nos meus manuais no momento, mas meu conhecimento está sendo aprimorado constantemente. Para questões sobre medicamentos, como a dipirona, e para saber o que é mais seguro para a pessoa que você cuida, é muito importante conversar com um profissional de saúde. Ele poderá avaliar a situação e indicar o tratamento correto. Sugiro que anote essa dúvida para conversar com ele."",";;;;;;;;;;;;;;;;;;;;;;;;;;;;;;;;;;
"P1-15,1,""Ele fica repetindo a mesma pergunta toda hora, é normal isso?"",""Entendo que essa situação pode ser desafiadora e gerar preocupação para você.";;;;;;;;;;;;;;;;;;;;;;;;;;;;;;;;;;
;;;;;;;;;;;;;;;;;;;;;;;;;;;;;;;;;;
"Infelizmente, não tenho essa informação nos meus manuais no momento, mas meu conhecimento está sendo aprimorado constantemente. Sugiro que anote essa dúvida para conversar com um profissional de saúde."",";;;;;;;;;;;;;;;;;;;;;;;;;;;;;;;;;;
"P2-02,2,Existe uma rotina recomendada de exercícios de fisioterapia para fazer em casa entre as sessões?,""Entendo que você esteja buscando orientações para ajudar a pessoa cuidada a se movimentar e se recuperar. É um cuidado muito importante! Fazer alguns exercícios durante o dia é fundamental para evitar complicações como rigidez, perda de movimentos, dores e até feridas, especialmente para quem fica muito tempo na cama.";;;;;;;;;;;;;;;;;;;;;;;;;;;;;;;;;;
;;;;;;;;;;;;;;;;;;;;;;;;;;;;;;;;;;
Aqui estão alguns exemplos de exercícios que podem ser feitos com a pessoa cuidada, mesmo que ela esteja na cama ou na cadeira de rodas:;;;;;;;;;;;;;;;;;;;;;;;;;;;;;;;;;;
;;;;;;;;;;;;;;;;;;;;;;;;;;;;;;;;;;
1.  **Dedos dos pés:** Mova cada um dos dedos para cima, para baixo, para os lados e faça movimentos circulares.;;;;;;;;;;;;;;;;;;;;;;;;;;;;;;;;;;
2.  **Pés e tornozelos:** Segure o tornozelo da pessoa e movimente o pé para cima, para baixo, para os lados e em círculos.;;;;;;;;;;;;;;;;;;;;;;;;;;;;;;;;;;
3.  **Pernas:** Dobre e estenda uma das pernas, e depois repita com a outra. Tenha cuidado para não arrastar o calcanhar na cama, para evitar feridas.;;;;;;;;;;;;;;;;;;;;;;;;;;;;;;;;;;
4.  **Joelhos e quadris:** Com os pés apoiados na cama e os joelhos dobrados, faça movimentos de separar e unir os joelhos. Você também pode pedir para a pessoa levantar os quadris e abaixar lentamente.;;;;;;;;;;;;;;;;;;;;;;;;;;;;;;;;;;
5.  **Braços:** Levante e abaixe os braços da pessoa, depois abra e feche.;;;;;;;;;;;;;;;;;;;;;;;;;;;;;;;;;;
6.  **Cotovelos, punhos e dedos:** Faça movimentos de dobrar e estender os cotovelos, depois os punhos e os dedos. Para os punhos e dedos, você pode entrelaçar as mãos da pessoa e, com os braços estendidos, fazer movimentos circulares.;;;;;;;;;;;;;;;;;;;;;;;;;;;;;;;;;;
7.  **Pescoço:** Ajude a pessoa a flexionar a cabeça suavemente para frente e para trás, para um lado e depois para o outro. Se ela sentir tontura, pare o movimento.;;;;;;;;;;;;;;;;;;;;;;;;;;;;;;;;;;
8.  **Exercícios faciais:** Peça para a pessoa encher as bochechas de ar e depois murchar, colocar a língua para fora e movimentar de um lado para o outro, e fechar os olhos com força.;;;;;;;;;;;;;;;;;;;;;;;;;;;;;;;;;;
;;;;;;;;;;;;;;;;;;;;;;;;;;;;;;;;;;
**Para quem teve AVC (Acidente Vascular Cerebral):**;;;;;;;;;;;;;;;;;;;;;;;;;;;;;;;;;;
É muito importante estimular a pessoa a usar o lado do corpo que foi afetado. Você pode incentivá-la a tocar partes do próprio corpo (como cabeça, nariz, boca, joelhos, pés) com a mão do lado comprometido. No quarto, tente deixar os móveis (como criado-mudo, televisão e porta) do lado afetado, para que a pessoa seja estimulada a olhar e se virar para esse lado. Se a mão estiver fechada, você pode colocar um rolo de tecido para ajudar a mantê-la aberta.;;;;;;;;;;;;;;;;;;;;;;;;;;;;;;;;;;
;;;;;;;;;;;;;;;;;;;;;;;;;;;;;;;;;;
Lembre-se sempre que os exercícios devem ser feitos de forma lenta e cuidadosa, respeitando os limites da pessoa. É muito importante conversar com a equipe de saúde que acompanha o paciente (como a equipe do Melhor em Casa) para saber se há alguma contraindicação para movimentar a pessoa.;;;;;;;;;;;;;;;;;;;;;;;;;;;;;;;;;;
;;;;;;;;;;;;;;;;;;;;;;;;;;;;;;;;;;
"Você quer saber mais sobre: Como evitar feridas na pele de quem fica muito tempo deitado, Quais são os exercícios respiratórios que posso fazer ou Como posicionar corretamente o paciente na cama? Basta me dizer qual assunto tem interesse."",""Movimentar os punhos e os dedos. Com as mãos do paciente entrelaçadas e os braços estendidos, fazer movimentos circulares. No caso do paciente que teve A.V.C., além dos exercícios citados acima, é importante movimentar o braço afetado, mantendo sua perna e o pé afetados apoiados na cama. Os membros não comprometidos também devem ser movimentados. Na coluna cervical (pescoço) realizar movimentos para baixo, para cima, para os lados e na diagonal. Os movimentos devem ser lentos. Em caso de necessidade ajudá-lo no exercício. Ilustração 51 - Movimentação dos membros afetados O paciente deve ser estimulado a tocar seu próprio corpo com o membro superior comprometido, tocando com sua mão algumas partes de seu corpo como a cabeça, nariz, boca, abdômen, joelhos, pés, etc. Na posição ortostática (em pé), apoiar os braços em uma mesa e soltar o peso do corpo nos braços, e transferir o peso para cada braço"; soltar também o peso do corpo no membro inferior comprometido. No quarto desse paciente, as mobílias, o criado mudo, a televisão e a porta devem estar do lado comprometido, estimulando que ele olhe por esse lado. A poltrona ou cadeira deve ser resistente e com braço, pois o braço do paciente deve estar estendido e apoiado. A mão deve estar aberta, se possível. O paciente deve tentar utilizar ao máximo seu lado comprometido.;;;;;;;;;;;;;;;;;;;;;;;;;;;;;;;;;
---;;;;;;;;;;;;;;;;;;;;;;;;;;;;;;;;;;
16 Exercícios Uma das atividades do cuidador é ajudar a pessoa cuidada a se recuperar, isso é, ajudá-la a recuperar movimentos e funções do corpo, prejudicados pela doença. Alguns exercícios podem ser feitos mesmo que a pessoa cuidada esteja na cama ou em cadeira de rodas. Exemplos de alguns exercícios que podem ser feitos com a pessoa cuidada na cama ou na cadeira de rodas: • Movimente cada um dos dedos dos pés, para cima e para baixo, para os lados e com movimentos de rotação. 36 • Segure o tornozelo e movimente o pé para cima, para baixo, para os dois lados e em movimentos circulares. • Dobre e estenda uma das pernas, repita o movimento com a outra perna (sem atritar o calcanhar na cama, que favorece o surgimento de feridas). • Com os pés da pessoa apoiados na cama e os joelhos dobrados, faça movimentos de separar e unir os joelhos. 37 • Com os pés apoiados na cama e os joelhos dobrados, solicite que a pessoa cuidada levante os quadris e abaixe lentamente. • Levante e abaixe os braços da pessoa, depois abra e feche. • Faça movimentos de dobrar e estender os cotovelos, os punhos e depois os dedos. • Ajude a pessoa a flexionar suave e lentamente a cabeça para frente e para trás, para um lado e depois para o outro, isto alonga os músculos do pescoço. Estimule para que a pessoa faça os movimentos sozinha, se necessário o cuidador pode ajudá-la. No caso de tonturas suspenda o movimento até melhorar do sintoma. 38 • Peça à pessoa cuidada que encha as bochechas de ar e depois murche a bochecha para dentro; a seguir peça a ela que coloque a língua para fora e movimente de um lado para o outro; feche os olhos com força fazendo caretas. É importante que o cuidador estimule a pessoa cuidada a utilizar ao máximo o lado do corpo que está comprometido, realizando com o lado afetado todos os exercícios citados anteriormente. Caso seja necessário, o cuidador pode ajudá-la na realização desses exercícios. Sempre que possível é bom que a porta do quarto e os móveis estejam do lado mais comprometido, pois isso faz com que a pessoa se volte mais para esse lado estimulando os movimentos do membro afetado. 16.1 Exercícios respiratórios Quando a pessoa cuidada está com os movimentos limitados ou permanece acamada por longos períodos é comum que se acumule secreção (catarro) nos pulmões. Por isso é importante que o cuidador a estimule e ajude a fazer exercícios respiratórios para eliminar essas secreções, melhorar a entrada de ar nos pulmões e prevenir o aparecimento de pneumonia. A seguir serão descritos alguns exercícios, que dependendo das condições físicas da pessoa cuidada, podem ser feitos com a pessoa deitada, sentada ou em pé: • Ajude a pessoa a se sentar e peça a ela que coloque as mãos sobre a barriga, puxe o ar pelo nariz, e solte pela boca, de forma lenta e prolongada. Dessa forma ela vai perceber a mão se movimentando para cima quando o pulmão enche e para baixo quando solta o ar. • Peça à pessoa para puxar o ar pelo nariz e ao mesmo tempo levantar os braços estendidos, depois peça para a pessoa soltar o ar pela boca abaixando os braços. 39 Fique Atento: É importante oferecer à pessoa cuidada maior quantidade de líquido para facilitar a saída do catarro e estimulá-la a tossir e cuspir. Procure observar a cor do catarro, pois se o catarro estiver amarelo, verde ou com sangue é preciso comunicar à equipe de saúde. O ambiente da casa precisa estar sempre limpo, arejado e livre de fumaça e poeira. A limpeza do chão e dos móveis deve ser feita diariamente com pano úmido. Os produtos de limpeza com cheiro forte devem ser evitados, pois podem provocar alergias e alterações respiratórias. 17 Adaptações ambientais Muitas vezes é preciso fazer algumas adaptações no ambiente da casa para melhor abrigar a pessoa cuidada, evitar quedas, facilitar o trabalho do cuidador e permitir que a pessoa possa se tornar mais independente. O lugar onde a pessoa mais fica deve ter somente os móveis necessários.;;;;;;;;;;;;;;;;;;;;;;;;;;;;;;;;
---;;;;;;;;;;;;;;;;;;;;;;;;;;;;;;;;;;
Objetivo da Cartilha Cuide-se para poder cuidar 10 INÍCIO 11 MINISTÉRIO DA SAÚDE HOSPITAL ALEMÃO OSWALDO CRUZ Todo paciente acamado tem chances de desenvolver complicações por ficar muito tempo na cama, imóvel. Por este motivo é fundamental realizar alguns exercícios durante o dia, evitando deformidades, rigidez, perda de movimentos, doenças pulmonares, feridas e dores em geral. Os exercícios devem ser feitos de forma lenta e cuidadosa, respeitando os limites do corpo do paciente. Sempre consultar a equipe do Melhor em Casa para saber se há alguma contraindicação para movimentar o paciente. » Movimentar a cabeça com cuidado para os dois lados (10 movimentos suaves); » Movimente os braços com o cotovelo esticado, abrindo e fechando, levantando e abaixando (10 movimentos no limite do ombro do paciente); » Movimente o antebraço do paciente, dobrando e esticando o cotovelo (10 movimentos no limite do cotovelo do paciente); Orientações para Exercícios Básicos 57 ORIENTAÇÕES PARA O CUIDADO COM O PACIENTE NO AMBIENTE DOMICILIAR » Movimente as pernas do paciente, dobrando o joelho (uma mão apoia a coxa e a outra mão apoia o pé) em direção a barriga do paciente (10 movimentos no limite do joelho e quadril do paciente); » Movimente os pés do paciente para cima e para baixo e também em movimentos circulares (10 movimentos suaves); » Se possível retirar o paciente da cama e deixar sentado em poltrona por duas horas do dia.;;;;;;;;;;;;;;;;;;;;;;;;;;;;;
---;;;;;;;;;;;;;;;;;;;;;;;;;;;;;;;;;;
"Estes exercícios facilitam a eliminação de secreções e melhoram a ventilação pulmonar, prevenindo complicações. Paciente sentado: Colocando a mão no abdômen, inspirar tranqüilamente sentindo sua mão movimentar-se.Expirar, pela boca de forma lenta e prolongada. Ao inspirar o paciente eleva os braços estendidos, ao expirar abaixa os braços e pode, se possível, inclinar o tronco para frente. Sempre estimular o paciente a tossir e observar a cor da secreção. Caso não esteja clara, avisar ao profissional da saúde rapidamente. Oferecer bastante líquido ao paciente. Os exercícios podem ser feitos no leito ou em pé dependendo do estado do paciente. ADAPTAÇÕES AMBIENTAIS Ilustração 55 Essas adaptações são importantes para facilitar a autonomia do paciente idoso e para a prevenção de quedas, já que as quedas acarretam conseqüências graves, incluindo fraturas, cirurgias e imobilidade, podendo chegar inclusive à morte. As adaptações são importantíssimas nos casos de Doença de Alzheimer, pois esses pacientes são mais vulneráveis a acidentes domésticos e às quedas. Abaixo são citados exemplos de adaptações: 55 Manual para Cuidadores Informais de Idosos !O piso não deve ser escorregadio. !Cadeiras, camas e poltronas devem ser mais altas facilitando o acesso. ! Você pode improvisar com tijolos ou blocos de madeira, ou adquirir “levantadores de cama e cadeiras"""" em lojas especializadas. Muito cuidado com as cadeiras de plástico, pois podem escorregar e provocar quedas. !";;;;;;;;;;;;;;;;;;;;;;;;;;;;;;;;;;
---;;;;;;;;;;;;;;;;;;;;;;;;;;;;;;;;;;
51 Manual para Cuidadores Informais de Idosos CUIDADOS NA FISIOTERAPIA ORIENTAÇÕES PARA O PACIENTE ACAMADO POSICIONAMENTO NO LEITO O paciente acamado precisa de muita atenção. É importante alterar o posicionamento no leito ou na cadeira de rodas periodicamente evitando assim, o surgimento de úlceras de decúbito (escaras). Particularmente, no paciente que sofreu um Acidente Vascular Cerebral (derrame), é importante que ele fique bem posicionado e que esteja confortável, como mostram as figuras 1 e 2: Figura 1: Posicionamento no decúbito dorsal (barriga para cima). O braço comprometido deve estar sempre estendido e apoiado em um travesseiro. A perna lesada deve ter embaixo do joelho um travesseiro, favorecendo uma flexão discreta;" impedindo que todo o membro inferior fique rígido em extensão. Nos casos em que a perna toda está rodada para fora (rotação externa) coloque um apoio deixando-a reta em pIolusstirçaãçãoo n 4e9 u -t Draei.t ado em decúbito dors al (barriga p ara cima) Figura 2: Acomodação do paciente sobre o lado hemiplégico (paralisado). O cotovelo deve estar bem estendido, a palma da mão virada para cima. Ao vestir-se: o membro superior afetado deve ser o primeiro a ser vestido e o último a ser despido. Se a mão estiver fechada, deve ser colocado um rolo feito de tecido ou atadura utilizada para enfaixes, na mão comprometida, Ilustração 50 - estimulando que fique aberta.""";;;;;;;;;;;;;;;;;;;;;;;;;;;;;;;;;
"P2-12,2,""O plano de saúde cobre home care, ou preciso contratar particular?"",""Entendo que essa é uma dúvida importante para quem cuida de alguém em casa.";;;;;;;;;;;;;;;;;;;;;;;;;;;;;;;;;;
;;;;;;;;;;;;;;;;;;;;;;;;;;;;;;;;;;
"Infelizmente, não tenho essa informação nos meus manuais no momento, mas meu conhecimento está sendo aprimorado constantemente. Sugiro que anote essa dúvida para conversar com um profissional de saúde ou diretamente com a operadora do plano de saúde."",""A classificação da complexidade assistencial em AD tem por finalidade: a. Admissão no SAD, aliada aos critérios de inclusão nas modalidades de Atenção Domiciliar"; b. Migração da modalidade assistencial, conforme evolução clínica do usuário; c. Apoio na elaboração do plano terapêutico, sugerindo periodicidade de visitas dos profissionais das equipes de Saúde, insumos, logística de transporte e agendamentos necessários. Os itens “a” e “b”, que se referem aos critérios de admissão no SAD, determinação da modalidade de AD e migração entre modalidades, auxiliam na organização dos SADs e dizem respeito, em grande medida, aos critérios que delimitam as modalidades de Atenção Domiciliar. Dessa forma, é importante ressaltar que a classificação da complexidade do paciente é, com o preparo do domicílio e a articulação da família/cuidador, a primeira etapa para a realização do cuidado em AD, na medida em que determina a equipe que se responsabilizará pelo cuidado de forma mais protagonista (equipe de Atenção Básica ou Emad), o número mínimo de visitas mensais e o plano terapêutico, projetos terapêuticos singulares (PTS), no caso de pacientes complexos – ver Capítulo 1. Na análise da literatura existente sobre métodos para classificar pacientes em Atenção Domiciliar utilizados em outros países e em experiências brasileiras, há várias referências bibliográficas. Analisando escalas e instrumentos de avaliação que vêm sendo aplicados nos serviços de Atenção Domiciliar públicos e privados no Brasil, podemos subdividi-los em categorias que são mais significativas para a prática dos serviços, como os aspectos clínicos, socioeconômicos e ambientais. A partir do diagnóstico em saúde, que antecede o planejamento da AD, os serviços locais podem selecionar quais aspectos seriam mais importantes para definir uma classificação da complexidade, de acordo com os indicadores de Saúde e de organização de serviço em cada localidade. Assim, de forma esquemática, nos aspectos clínicos, estariam contempladas as seguintes variáveis, que deverão ser consideradas em conjunto para a elegibilidade do usuário em AD: a) Utilização de serviços de Saúde: número e tempo de permanência de internações no último ano (hospitalizações) e atendimentos nos serviços de urgência/emergência; b) Quadro clínico: acamado, sequelado, presença de doenças agudas e crônicas, com estabilidade clínica, passíveis de tratamento em domicílio; distúrbio do nível de consciência; estabilidade hemodinâmica; padrão respiratório; comprometimento do estado nutricional; 37 Ministério da Saúde c) Suporte terapêutico: – Terapia medicamentosa: medicação prescrita e vias de administração; – Suporte respiratório; dependência de oxigenoterapia; presença de hipersecreção pulmonar; necessidade de aspirações orotraqueais; ventilação mecânica não invasiva; – Terapia nutricional: suplementação oral ou enteral; d)Reabilitação: incapacidade funcional para atividades da vida diária (AVDs) e atividades da vida diária instrumentais (AVDIs); plegias; distúrbios fonoaudiológicos; necessidade de cuidados de reabilitação fisioterápica; adaptação de órteses e próteses em AD; e)Uso de drenos, cateteres e estomias; f)Cuidados de enfermagem: presença de feridas; necessidade de administração de medicamentos via parenteral; monitoramento de sinais vitais; g)Realização de exames complementares; h)Cuidados paliativos. Nos aspectos socioeconômicos e ambientais, serão consideradas, em conjunto, as seguintes variáveis: a)Risco social familiar: drogadição, desemprego, analfabetismo; b)Presença de cuidador e necessidade de treinamento/capacitação; c)Estrutura familiar; consentimento e participação familiar; idoso sozinho e rede social de apoio; d)Condições de moradia; relação morador/cômodo; saneamento básico; e)Segurança dos profissionais da equipe; acessibilidade ao domicílio.
---;;;;;;;;;;;;;;;;;;;;;;;;;;;;;;;;;;
Porém, se houver alto uso de tecnologias e necessidade de visitas multiprofissionais mais frequentes, estão indicadas as modalidades AD2 e AD3 pelas Emads. Estes pacientes são os grandes incapacitados, com sequelas de doenças crônicas incapacitantes, entre elas, as neurodegenerativas. São mais importantes os processos de cuidado, a instrumentalização da família e o olhar da longitudinalidade, que auxiliará no fortalecimento de vínculos e de confiança, fundamentais para o processo de cuidados compartilhados. No Brasil, já existe a necessidade urgente de efetivação do processo de intersetorialidade entre o Sistema Único da Assistência Social (Suas) e o SUS, como já ocorre em outros países com tradição nos cuidados de longa duração, sejam eles na comunidade ou institucionais, pois o envelhecimento populacional demandará outros arranjos na organização dos cuidados domiciliares, e nem sempre a equipe de Saúde poderá dar conta de todas as demandas de cuidados nos lares – este tema poderá ganhar destaque em futuras edições deste material escrito. Os cuidados paliativos (CPs) domiciliares podem se enquadrar tanto nas modalidades de curta, média ou longa permanências, a depender das características do paciente e de suas comorbidades, além do estado funcional quando é encaminhado para a AD. É preferível que os pacientes de CP sejam encaminhados em uma fase anterior aos últimos dias ou semanas de vida, para que haja possibilidade de se criar vínculos em uma fase tão aflitiva que é o final da vida. Não é obrigatório que o paciente fique estanque em um patamar rígido de modalidade assistencial de AD. Se ocorrer a melhora funcional, deve-se evitar a alta sumária do programa, com o correto encaminhamento e a garantia de acesso a outros pontos de atenção da rede. Pode e deve transitar entre os vários níveis de complexidade de AD, como no exemplo abaixo: Dona S., 64 anos, recebeu alta hospitalar após duas semanas internada na enfermaria de clínica médica por acidente vascular cerebral isquêmico (AVCI) de artéria cerebral média D, com diagnóstico recente também de flutter atrial e insuficiência cardíaca congestiva (ICC). No início, foram frequentes as visitas com controle de coagulograma e ajuste mais fino de drogas para ICC e antiarrítmicos, além das várias orientações aos cuidadores e paciente após AVCI. Após seis semanas, em anticoagulação oral estabilizada, aumentou-se o intervalo das visitas de duas para quatro semanas, e a família encontrava-se mais tranquila e segura com os cuidados. Quatro meses depois, foi encaminhada para o centro de reabilitação ambulatorial – não tinha condição de marcha funcional autônoma e havia o risco de quedas com sangramento maciço, caso sofresse lesão corporal. Nesse centro de reabilitação, não havia a possibilidade de controle ambulatorial de tempo de protrombina – a família tinha que levá-la todo mês ao laboratório do hospital que havia encaminhado a paciente à AD e, no momento do encaminhamento à reabilitação, voltou a ser acompanhada pela Atenção Básica e pelo ambulatório de especialidade em Cardiologia, com período de observação da equipe de AD para observar se a transição ocorreria de forma tranquila. No mesmo ano, em pleno inverno, no segundo mês após iniciar a reabilitação, iniciou quadro de piora da dispneia e febrícula, e sua filha acionou a equipe de Atenção Básica (AB). Em visita domiciliar, diagnosticou-se broncopneumonia e novamente a equipe de AD foi acionada (agora pela AB), que passou novamente a realizar visitas que se aproximaram com intervalo semanal, quinzenal e depois mensal, pela intercorrência aguda instalada.;;;;;;;;;;;;;;;;;;;;;;;;;;;;;;;;;;
---;;;;;;;;;;;;;;;;;;;;;;;;;;;;;;;;;;
"96p. : il. Modo de acesso: World Wide Web: <http://bvsms.saude.gov.br/bvs/publicacoes/orientacoes_cuidado_paciente_ambiente_domiciliar.pdf> ISBN 978-85-334-2598-9 1. Cuidador. 2. Atenção domiciliar. 3. Serviços de saúde. I. Título. II. Hospital Alemão Oswaldo Cruz. CDU 616-08:364-783 _______________________________________________________________________________________________ Catalogação na fonte – Coordenação-Geral de Documentação e Informação – Editora MS – OS 2017/0120 Títulos para indexação: Orientations for home health care SUMÁRIO Contatos úteis ..................................................................................................05 Informações gerais ..........................................................................................07 Cuidador............................................................................................................11 Cuide-se para poder cuidar ................................................................................11 Cuidando do paciente.......................................................................................13 Higiene pessoal ..................................................................................................13 Cuidado com os medicamentos ..........................................................................15 Pessoa com convulsão ........................................................................................17 Lavagem das mãos ..............................................................................................19 Segurança do paciente na atenção domiciliar .....................................................23 Cuidados com o lixo infectante ..........................................................................28 Equipamentos de proteção individual .................................................................29 Cânula de traqueostomia ...............................................................................31 Aspiração .........................................................................................................37 Cuidados com a ventilação mecânica não invasiva - CPAP ou BIPAP ..........43 Lesão por pressão ............................................................................................49 Orientações para exercícios básicos ...............................................................55 Sonda enteral ...................................................................................................59 Gastrostomia e jejunostomia .........................................................................71 Sondagem vesical e cistostomia ....................................................................75 Cuidados com acesso venoso ........................................................................81 Cuidados com os drenos .................................................................................87 Glossário de equipamentos ............................................................................91 Bibliografia .......................................................................................................95 ORIENTAÇÕES PARA O CUIDADO COM O PACIENTE NO AMBIENTE DOMICILIAR “ Esta cartilha tem como objetivo apoiar o (a) “ cuidador (a) do paciente em ambiente domiciliar, orientando quanto aos cuidados diários com o paciente e também, auxiliando em possíveis dúvidas que surgirem no dia a dia.""";;;;;;;;;;;;;;;;;;;;;;;;;;;;;;;;;;
;;;;;;;;;;;;;;;;;;;;;;;;;;;;;;;;;;
;;;;;;;;;;;;;;;;;;;;;;;;;;;;;;;;;;
"P2-14,2,Como lido com os momentos em que ele fica frustrado com as limitações?,""Entendo que é muito desafiador e pode ser doloroso ver a pessoa que você cuida frustrada com suas limitações. É natural que isso aconteça, e sua preocupação demonstra o quanto você se importa.";;;;;;;;;;;;;;;;;;;;;;;;;;;;;;;;;;
;;;;;;;;;;;;;;;;;;;;;;;;;;;;;;;;;;
Para ajudar nesses momentos, aqui estão algumas dicas importantes:;;;;;;;;;;;;;;;;;;;;;;;;;;;;;;;;;;
;;;;;;;;;;;;;;;;;;;;;;;;;;;;;;;;;;
1.  **Incentive a autonomia:** Não faça pela pessoa o que ela ainda consegue fazer sozinha. Tente manter as atividades que ela executava antes, como dobrar roupas ou se vestir, dentro dos limites dela. Valorize e elogie cada pequena conquista.;;;;;;;;;;;;;;;;;;;;;;;;;;;;;;;;;;
2.  **Mantenha a pessoa ocupada:** Deixar a pessoa com atividades que ela gosta e consegue fazer pode ajudar. Pode ser assistir à TV, caminhar um pouco, tomar um banho de sol ou até mesmo rezar, se ela for religiosa.;;;;;;;;;;;;;;;;;;;;;;;;;;;;;;;;;;
3.  **Comunique-se com carinho:** Tenha cuidado com seus gestos e palavras, pois a pessoa é atenta. Converse com carinho e ternura.;;;;;;;;;;;;;;;;;;;;;;;;;;;;;;;;;;
4.  **Busque apoio profissional:** Um psicólogo pode ajudar a encontrar e treinar estratégias para acalmar a pessoa quando ela estiver muito agitada ou confusa.;;;;;;;;;;;;;;;;;;;;;;;;;;;;;;;;;;
5.  **Cuide de você também:** Se a pessoa estiver perdendo o controle e você sentir que está perdendo o seu, tente se afastar um pouco e pedir ajuda a outro cuidador da família ou a um voluntário, se for possível.;;;;;;;;;;;;;;;;;;;;;;;;;;;;;;;;;;
;;;;;;;;;;;;;;;;;;;;;;;;;;;;;;;;;;
"Você quer saber mais sobre: Como posso promover a autonomia do paciente, Onde posso encontrar grupos de apoio para cuidadores ou Como lidar com a minha própria frustração? Basta me dizer qual assunto tem interesse."",""Quando a pessoa com demência deixa de reconhecer a pessoa cuidadora e, por vezes, tem comportamentos agressivos ou desajustados, podemos ter a sensação de que a pessoa que conhecemos já não existe. Esta situação pode deixar-nos tristes e implicar o início de um processo de luto, ainda antes da pessoa falecer. Stresse e hipervigilância por ter de controlar constantemente situações de perigo. Quando a demência se agrava, pode ser necessário manter uma atenção constante aos comportamentos da pessoa – por exemplo, se ingere algo perigoso, se sai de casa sozinha e se perde, se liga o fogão e não desliga, se utiliza indevidamente algum objeto cortante. Esta situação pode ser física e emocionalmente desgastante, assim como limitar o descanso da pessoa cuidadora, aumentando o risco de exaustão. Exaustão, devido às dificuldades de comunicação. Podemos ter as mesmas conversas várias vezes ao dia com a pessoa ou repetir-nos exaustivamente para tentar dar orientações, mas, devido às dificuldades em reter informação, a comunicação fica comprometida. Estas repetições constantes, apesar de fazerem parte do quadro da doença, podem causar muito cansaço emocional. Frustração, por não conseguir acalmar a pessoa. Em momentos de maior agitação e confusão (por exemplo, quando a pessoa não nos reconhece e quer fugir de casa), os esforços que fazemos para chamar a pessoa à razão parecem não resultar e podem deixar-nos frustrados/as. Podemos acabar por tomar medidas com as quais nem concordamos, mas que nos parecem a única solução para manter a pessoa em segurança (por exemplo, trancar as portas e as janelas). Zanga, perante certos comportamentos. Quando a pessoa com demência tem comportamentos que parecem complicar mais a situação (por exemplo, entornar comida, cortar cabos, passar a noite acordado/a, tentar fugir de casa), podemos sentir-nos zangados/as e impotentes, mesmo sabendo que a pessoa não pode ser responsabilizada. ”Presos/as” ao papel de cuidador ou cuidadora. Com o agravar da doença, a pessoa cuidada fica cada vez mais dependente e podemos ser forçados/as a deixar de trabalhar ou a abandonar outras atividades e relações, sentindo também uma perda da nossa identidade anterior para além do papel de pessoa cuidadora. Por outro lado, as cuidadoras e os cuidadores informais de pessoas com demência podem sentir satisfação por desempenharem um papel importante na vida da pessoa cuidada. Também podemos sentir que estamos a retribuir o cuidado que a pessoa nos deu anteriormente ou sentir gratificação por, apesar da doença, vermos a pessoa tranquila e feliz. Cuidar de alguém que vai se esquecendo de quem é pode mudar a maneira como vemos o mundo. Podemos começar a dar maior importância à Saúde e a momentos que vivemos com familiares e amigos e amigas. Podemos sentir-nos mais resilientes e sentir maior compaixão para com outras pessoas que vivem situações semelhantes. | 32 ANIGÁP | SIAMROFNI SERODADIUC SOD ODADIUCOTUA ERBOS RALAF SOMAV ENQUANTO CUIDADORES E CUIDADORAS, É IMPORTANTE LEMBRARMO-NOS QUE: Um psicólogo ou uma psicóloga pode ajudar-nos a descobrir e a treinar estratégias para acalmar a pessoa quando esta está agitada e confusa. Podemos participar em grupos de apoio e partilha (por exemplo, o Café Memória) onde podemos encontrar apoio emocional e trocar experiências com pessoas que vivem situações semelhantes à nossa. A ajuda de familiares, amigos, amigas, vizinhos e vizinhas e profissionais (assistentes pessoais) pode assegurar alguma autonomia à pessoa cuidada, evitar a nossa sobrecarga e permitirnos ter mais tempo para nós. PORQUE É IMPORTANTE CUIDAR DE MIM? 0 3 VOLTAR AO ÍNDICE Cuidar de nós é fundamental para conseguirmos cuidar de alguém que precisa do nosso apoio. Cuidar de nós significa mantermos a capacidade e a disponibilidade, física e emocional, que são necessárias para cuidarmos de outra pessoa.";;;;;;;;;;;;;;;;;;;;;;;;;;;;;;;;;;
---;;;;;;;;;;;;;;;;;;;;;;;;;;;;;;;;;;
Raiva: diante das sua recusas, falta de controle dos esfíncteres. ! Ansiedade: por espera de progresso do paciente, para sair da rotina do dia a dia da doença. ! Culpa: por ter pensamento e atitudes as vezes negativas. Pode vivenciar: ! Cansaço. ! Insônia. ! Perda de autocontrole. ! Impotência. ! Depressão. Calma! Procure: ! Deixar o idoso sempre ocupado. ! Assistir à TV. 71 Manual para Cuidadores Informais de Idosos ! Se possível caminhar, tomar banho de sol e fazer alguns exercícios dentro de seus limites. ! Incentivá-lo a rezar (se o paciente for religioso). ! Não responder pelo paciente. ! Não faça por ele o que ele pode fazer. ! Sair de perto quando estiver perdendo o autocontrole e solicitar ajuda de outro cuidador da família ou voluntário. ! Sempre que possível revezar com alguém. ! Procurar se informar a respeito da evolução da patologia. ! Procurar recursos existentes na comunidade. ! Procurar recursos oferecidos pela saúde como: grupos existentes nos centros de saúde (Lian-Gong, Caminhada, Ginástica etc...) ! Conversar com familiares que também tenham seus doentes. ! Tente manter as atividades possíveis que o paciente executava como: dobrar roupas, vestir-se e etc. ! Cuidado com seus gestos ou palavras, o paciente é atento. ! Revezar entre os membros da família e amigos horário com disponibilidade interna de conversar/dialogar com carinho e ternura com o paciente. !;;;;;;;;;;;;;;;;;;;;;;;;;;;;;;;;;;
---;;;;;;;;;;;;;;;;;;;;;;;;;;;;;;;;;;
Esses ao que podemos fazer para que ela tenha uma boa desafios podem exigir diferentes tipos de cuida- qualidade vida. dos. Para garantir a participação plena da criança no jardim de infância, na escola e noutros contextos Quando cuidadoras ou cuidadores informais são os é fundamental que esses ambientes estejam pre- pais, mães, cuidar pode significar assumir um papel parados, com os devidos recursos, acessibilidade e mais exigente e durante mais tempo do que esperaestratégias de inclusão, o que pode também implicar vam – nalguns casos, a necessidade de apoio diário uma preparação mais aprofundada por parte das pode estender-se por toda a vida. cuidadoras ou dos cuidadores informais. | 61 ANIGÁP | SIAMROFNI SERODADIUC SOD ODADIUCOTUA ERBOS RALAF SOMAV AS CUIDADORAS OU CUIDADORES INFORMAIS DE UMA CRIANÇA COM DEFICIÊNCIA PODEM SENTIR: Dificuldade em aceitar a situação. O confronto com o diagnóstico de deficiência de uma criança pode gerar choque, descrença no que está a acontecer, revolta, zanga quer com o profissional de saúde que nos deu a notícia, com o nosso parceiro ou parceira a ou até connosco. Por vezes, podemos sentir que ignoramos a criança e oscilar entre sentimentos de indiferença, rejeição e culpa. Estes sentimentos são comuns, difíceis de gerir e podem afetar a nossa relação com a criança. Por isso, é importante procurar apoio – um Psicólogo ou Psicóloga pode ajudar. Necessidade de fazer o luto por uma criança que se imaginou. É natural que, antes e durante a gravidez, os pais e mães desejem uma criança saudável e que até a imaginem com determinadas características. Quando percebemos que a criança é diferente daquilo que imaginámos, é comum sentirmo-nos tristes, impotentes, envergonhados, envergonhadas e, ou desiludidos, desiludidas. É importante permitir-nos sentir essas emoções e aprender a adaptar-nos a uma “criança real” que é diferente daquela que imaginámos, valorizando as suas particularidades e o seu potencial. Ansiedade e preocupação com o futuro da criança. É natural questionarmo-nos sobre se a criança poderá ter uma vida autónoma e feliz, fazer algo de que goste e manter relações significativas. Podemos ainda ter receio de que, se algo nos acontecer, a criança perca as pessoas que melhor a conhecem e mais a ajudam, ficando sem apoio. Stresse e dificuldades noutras áreas da vida. Com as aprendizagens e tarefas que se associam ao cuidar de uma criança com deficiência, podemos sentir-nos stressados e irritáveis, podendo ficar menos produtivas no trabalho ou investir menos na relação com o nosso parceiro ou parceira, outros filhos ou filhas, familiares e amigos ou amigas. Frustração com a falta de conhecimento sobre a deficiência. Além da exigência dos cuidados, podemos ter de lidar com pessoas que fazem comentários desadequados ou limitam a sua interação com a criança, em função de crenças desadequadas e falta de informação sobre a deficiência. Por exemplo, na escola, certos profissionais podem não saber lidar com as características da criança e adotar comportamentos que não ajudam a criança ou que dificultam a sua aprendizagem e inclusão. Estas situações podem levar-nos a sentir que estamos sozinhos/as ou em constante confronto com os outros – como o sentimento de que “somos nós contra o mundo”. Por outro lado, enquanto pessoa cuidadora de crianças com deficiência também podemos descobrir forças que não sabíamos que tínhamos. Com o passar do tempo e e com a experiência, podemos sentir mais confiança na nossa capacidade de lidar com situações desafiantes. Podemos olhar para as outras pessoascom mais sensibilidade e compaixão e até descobrir potencialidades onde outras pessoas não as veem. Cuidar de uma criança com deficiência também inclui momentos felizes. Assistir ao seu desenvolvimento - seja quando aprende a comunicar, conquista autonomia numa tarefa, desenvolve os seus interesses ou partilha momentos de brincadeira com os seus amigos), pode gerar sentimentos de orgulhoso, gratidão e esperança.;;;;;;;;;;;;;;;;;;;;;;;;;;;;;;;;;;
---;;;;;;;;;;;;;;;;;;;;;;;;;;;;;;;;;;
"Às vezes, podemos sentir-nos irritados, irritadas ou magoados, magoadas quando, apesar dos nossos esforços, a pessoa cuidada não entende e/ou não segue as recomendações dos profissionais de Saúde. Também pode tomar decisões que podem complicar o seu estado de Saúde (por exemplo, fumar, ignorar a dieta ou desistir dos exercícios de reabilitação). Que as dificuldades financeiras se tornam (mais) um problema. Isto é especialmente comum quando o/a sobrevivente é o/a nosso/a cônjuge, pois o que antes eram despesas suportadas pelos rendimentos de ambos/as passa agora a ser suportado apenas por uma pessoa, ao mesmo tempo que surgem despesas adicionais relacionadas com cuidados de Saúde. Que estamos “presos” ao papel de cuidador ou cuidadora. Em certos momentos, sobretudo quando a pessoa cuidada precisa de apoio para várias tarefas e parecem não existir progressos, podemos sentir que perdemos a nossa autonomia e independência e até parte da nossa identidade, ficando “presos” no papel de cuidadora ou cuidador permanentemente – algo que sinaliza a importância de encontrarmos soluções para descansarmos e partilharmos as nossas responsabilidades enquanto cuidador ou cuidadora Por outro lado, cuidadoras ou cuidadores informais de pessoas sobreviventes de um AVC também podem sentir orgulho da força e dos progressos da pessoa cuidada.""";;;;;;;;;;;;;;;;;;;;;;;;;;;;;;;;;;
;;;;;;;;;;;;;;;;;;;;;;;;;;;;;;;;;;
;;;;;;;;;;;;;;;;;;;;;;;;;;;;;;;;;;
"P2-17,2,Quais direitos trabalhistas tenho como cuidador familiar?,""Entendo que essa é uma dúvida importante para você, pois buscar informações sobre seus direitos é um passo de muito cuidado.";;;;;;;;;;;;;;;;;;;;;;;;;;;;;;;;;;
;;;;;;;;;;;;;;;;;;;;;;;;;;;;;;;;;;
"Infelizmente, não tenho essa informação nos meus manuais no momento, mas meu conhecimento está sendo aprimorado constantemente. Sugiro que anote essa dúvida para conversar com um profissional de saúde ou um advogado especializado em direitos trabalhistas. Eles poderão te orientar melhor sobre esse assunto."",";;;;;;;;;;;;;;;;;;;;;;;;;;;;;;;;;;
"P3-12,3,Existe recomendação sobre frequência de exames laboratoriais de acompanhamento?,""Entendo que essa é uma dúvida importante para o acompanhamento da saúde.";;;;;;;;;;;;;;;;;;;;;;;;;;;;;;;;;;
;;;;;;;;;;;;;;;;;;;;;;;;;;;;;;;;;;
"Infelizmente, não tenho essa informação nos meus manuais no momento, mas meu conhecimento está sendo aprimorado constantemente. Sugiro que anote essa dúvida para conversar com um profissional de saúde."",";;;;;;;;;;;;;;;;;;;;;;;;;;;;;;;;;;
"P3-15,3,Qual a base científica por trás da recomendação de restrição de sal?,""Entendo que essa é uma dúvida importante, pois a alimentação é um ponto chave no cuidado.";;;;;;;;;;;;;;;;;;;;;;;;;;;;;;;;;;
;;;;;;;;;;;;;;;;;;;;;;;;;;;;;;;;;;
"Infelizmente, não tenho essa informação nos meus manuais no momento, mas meu conhecimento está sendo aprimorado constantemente. Sugiro que anote essa dúvida para conversar com um profissional de saúde."",";;;;;;;;;;;;;;;;;;;;;;;;;;;;;;;;;;
"P3-19,3,Qual a conduta para manejo de constipação em idosos que tomam vários medicamentos?,""Entendo sua preocupação com a constipação, especialmente quando o idoso toma vários medicamentos. Essa é uma situação comum, pois alguns remédios podem agravar o problema.";;;;;;;;;;;;;;;;;;;;;;;;;;;;;;;;;;
;;;;;;;;;;;;;;;;;;;;;;;;;;;;;;;;;;
Para ajudar a lidar com a constipação, você pode seguir estas orientações:;;;;;;;;;;;;;;;;;;;;;;;;;;;;;;;;;;
;;;;;;;;;;;;;;;;;;;;;;;;;;;;;;;;;;
1.  **Ofereça alimentos com bastante fibra:** Inclua frutas, nozes, feijões, vegetais, farelo e a maioria dos cereais na dieta. Se a pessoa não estiver acostumada, comece aos poucos.;;;;;;;;;;;;;;;;;;;;;;;;;;;;;;;;;;
2.  **Garanta a ingestão de líquidos:** É muito importante que o idoso beba bastante água e outros líquidos durante o dia.;;;;;;;;;;;;;;;;;;;;;;;;;;;;;;;;;;
3.  **Estimule o movimento:** Se possível, ajude o idoso a fazer exercícios diários para estimular o intestino.;;;;;;;;;;;;;;;;;;;;;;;;;;;;;;;;;;
4.  **Evite alguns alimentos:** Procure não oferecer banana prata, caju, goiaba, maçã, cenoura, chá preto/mate e limão, pois podem prender o intestino.;;;;;;;;;;;;;;;;;;;;;;;;;;;;;;;;;;
5.  **Experimente uma vitamina laxativa:** Uma sugestão é preparar uma vitamina com 150ml de suco de laranja, 1 ameixa seca, 1 pedaço de mamão, 1 colher de sopa de creme de leite e 1 colher de sopa de farelo de aveia (pode adicionar açúcar ou mel a gosto).;;;;;;;;;;;;;;;;;;;;;;;;;;;;;;;;;;
6.  **Monitore as evacuações:** É muito importante observar como estão as eliminações de fezes para evitar que a situação piore.;;;;;;;;;;;;;;;;;;;;;;;;;;;;;;;;;;
;;;;;;;;;;;;;;;;;;;;;;;;;;;;;;;;;;
Lembre-se que o uso de vários medicamentos (polifarmácia) pode sim agravar a constipação. Em alguns casos, como quando o idoso usa certos tipos de remédios para dor ou antidepressivos, pode ser necessário o uso de laxativos. Nesses casos, é fundamental conversar com o médico para que ele possa orientar sobre o melhor tratamento.;;;;;;;;;;;;;;;;;;;;;;;;;;;;;;;;;;
;;;;;;;;;;;;;;;;;;;;;;;;;;;;;;;;;;
"Você quer saber mais sobre: Como administrar medicamentos se o idoso tem dificuldade para engolir, O que é espessante alimentar ou Qual a diferença entre medicamento de referência e genérico? Basta me dizer qual assunto tem interesse."",""6 Pacientes com limitação de ingesta hídrica devem seguir as orientações do prescritor da medicação. Uma medicação só deve ser tomada com leite se houver recomendação médica, pois muitos medicamentos interagem com o cálcio do leite, interferindo no efeito desejado do medicamento. 6 Em caso de dificuldade de deglutição e o paciente se alimentar com restrições de consistência, utilizar como auxílio para a administração dos medicamentos o espessante alimentar na água. CAPÍTULO 10 10. O que é espessante alimentar? Espessante alimentar são produtos industrializados que modificam instantaneamente a textura e consistência dos alimentos. Ele é uma substância sem sabor capaz de aumentar a viscosidade dos alimentos que estão na forma líquida. 7,13 CAPÍTULO 11 11. É importante informar aos profissionais de saúde quais os medicamentos e como o idoso faz uso A reconciliação de medicamentosa é a obtenção de uma lista completa, precisa e atualizada dos medicamentos que o paciente utiliza em casa (incluindo nome, dosagem, frequência e via de administração), e comparada com as prescrições médicas feitas na admissão, transferência, consultas ambulatoriais com outros médicos e durante a alta hospitalar, visando assegurar a terapêutica de um tratamento individualizado. 1 LEVAR NOS ATENDIMENTOS AS RECEITAS ORIGINAIS OU CÓPIAS, E/OU AINDA, LEVAR UMA SACOLINHA COM AS CAIXINHAS QUE O PACIENTE USA. CAPÍTULO 12 12. O que é medicamento de referência? O medicamento de referência, também chamados “de marca”, são os medicamentos com novos princípios ativos ou que são novidades no tratamento de doenças. Possuem o registro de inovador, cuja eficácia, segurança e qualidade foram comprovadas cientificamente perante o Órgão Federal competente. 2 A indústria farmacêutica que investiu anos em pesquisa, por um período de tempo, garante direitos exclusivos de exploração (produção, utilização e comercialização sem concorrência) do medicamento. Após a expiração dessa patente, há a liberação para produção de medicamentos genéricos e similares. 2 CAPÍTULO 13 13. O que é medicamento genérico? Medicamentos Genéricos - são medicamentos produzi- MEDICAMENTO DE REFERÊNCIA X MEDICAMENTO GENÉRICO dos após a expiração da proteção da patente ou de outros direitos de exclusividade. São realizados testes de bioequivalência e equivalência farmacêutica, comprovando sua eficácia, segurança e qualidade, igual a do medicamento de referência ou inovador. Os medicamentos genéricos agem em nosso organismo da mesma forma que os medicamentos de referência agiriam. 2 Na embalagem do remédio genérico há uma tarja amarela, contendo a letra “G”, com os dizeres “Medicamento Genérico”. Esse tipo de medicamento não tem marca, o nome do produto será sempre um princípio ativo. 2 CAPÍTULO 14 14. O que é medicamento similar equivalente? Os medicamentos similares equivalentes são identificados pela marca ou nome comercial. Possuem o mesmo princípio ativo, na mesma forma farmacêutica e via de administração dos medicamentos de referência e também são aprovados nos testes de qualidade da ANVISA. A diferença entre os similares e os de referência está relacionada a alguns aspectos como: prazo de validade do medicamento, embalagem, rotulagem, no tamanho e formato do produto. 2 MEDICAMENTO DE REFERÊNCIA X MEDICAMENTO GENÉRICO X MEDICAMENTO SIMILAR EQUIVALENTE UM EXEMPLO É A ASPIRINA (REFERÊNCIA), ÁCIDO ACETILSALICÍLICO (GENÉRICO) E O MELHORAL (SIMILAR). CAPÍTULO 15 15. Qual a diferença de nome comercial e princípio ativo? O nome comercial é o nome fantasia criado pela indústria e princípio ativo é o nome da substância química composta no medicamento. Identificar esses itens na caixa de medicamento reduz os casos de duplicidade de droga. Lembrete: Importante sempre estar verificando o prazo de validade dos medicamentos, durante o momento da compra ou da aquisição e nos momentos das tomadas. CAPÍTULO 16 16.";;;;;;;;;;;;;;;;;;;;;;;;;;;;;;;;;;
---;;;;;;;;;;;;;;;;;;;;;;;;;;;;;;;;;;
45 Manual para Cuidadores Informais de Idosos DIETA PARA DIARRÉIA ORIENTAÇÕES: ! Aumentar a ingestão de líquidos e soluções glicofisiológicas (soro) entre as refeições (2 a 3 litros). A oferta de líquidos deve ser em pequenas porções, várias vezes ao dia (suco de maçã, limonada, chá de ervas erva-doce, erva-cidreira, camomila, hortelã, gelatina, chá de folha de goiabeira); ! Refeições menores e com maior fracionamento (7 a 8 vezes/dia); Evitar uso de cafeína (café em infusão forte, chás preto e mate); ! Utilizar alimentos para prender o intestino: tapioca, água do arroz, maçã sem casca, banana, maçã, goiaba sem casca e sem semente, aveia; ! Evitar o consumo de alimentos laxantes: verduras cruas e cozidas, cereais integrais, amendoim, frutas como: laranja, mamão, ameixa, abacate, leite integral e derivados (queijos gordos, doce de leite, creme de leite); ! Procurar ingerir leite sem lactose ou com teor de lactose reduzida (caso haja boa tolerância); ! Evitar alimentos gordurosos, açúcares (refinado, mascavo), mel, melaço. O uso de medicamentos anti-diarréicos e de lactobacillus somente a critério médico. 46 Manual para Cuidadores Informais de Idosos ORIENTAÇÕES ALIMENTARES PARA ALIVIAR ALGUNS SINTOMAS NÁUSEAS E VÔMITOS  ! Aumentar a ingestão de líquidos e soluções glicofisiológicas (soro) entre as refeições (2 a 3 litros/dia); ! As refeições devem ser mais fracionadas (7 a 8 vezes por dia) e devem ser servidas em pequenas porções; !;;;;;;;;;;;;;;;;;;;;;;;;;;
---;;;;;;;;;;;;;;;;;;;;;;;;;;;;;;;;;;
 Contactar o Enfermeiro do Centro de Saúde em caso de dúvida e para mudar/retirar a algália. Manual do Cuidador Informal Página 19 5.11.3 - Obstipação Dê alimentos de alto teor em fibra, tais como frutas, nozes, feijões, vegetais, farelo e a maior parte dos cereais. Se a pessoa não está acostumada a estes alimentos, introduza os alimentos ricos em fibras de forma gradual. Assegure-se que a pessoa ingere líquidos suficientes na sua dieta. Promova o exercício diário com o fim de estimular a actividade intestinal. Manual do Cuidador Informal Página 20 6 - CONTACTOS ÚTEIS Número Nacional de Emergência – Tel – 112 Em caso de doença súbita, acidente ou assalto ligue 112. A chamada será atendida por um operador da Central de Emergência, que enviará os meios de socorro apropriados. Em determinado tipo de situações a chamada poderá ser transferida para o Centro de Orientação de Doentes Urgentes (CODU) do INEM.;;;;;;;;;;;;;;;;;;;;;;;;;;;;;;;;;;
---;;;;;;;;;;;;;;;;;;;;;;;;;;;;;;;;;;
Baixa imunidade. Dermatite tipo intertrigo (obesidade). FÍSICAS Morbimortalidade. Vários problemas metabólicos. Úlceras de pele Autocuidado comprometido. Ansiedade. PSICOSSOCIAIS Estresse do cuidador. Depressão. Custo financeiro e social, absenteísmo. Fonte: SAS/MS. 4.2.11 Constipação As dificuldades de ingestão de fibras, hidratação, polifarmácia e a Síndrome de Imobilidade podem agravar situações de obstipação intestinal crônica. Pacientes neuropatas, desnutridos ou sarcopênicos, que apresentam fadiga (ICC, DPOC), não têm força adequada para realizar a prensa abdominal. Os usuários de opioides, drogas anticolinérgicas como antidepressivos tricíclicos ou escopolamina, ou de diuréticos ou restrição hídrica, demandam o uso de laxativos crônicos em muitos casos. Com a evolução da constipação, decorrem a distensão abdominal, a piora da aceitação alimentar, o refluxo gastroesofágico, as cólica, e, por fim, com a formação do fecaloma, a infecção urinária e a temível obstrução intestinal, com risco do paciente ser submetido à cirurgia de urgência por abdômen agudo obstrutivo (FIGUEIREDO, 2012). Assim, a monitorização das eliminações de fezes é importantíssima, de fácil intervenção, para evitar agravos que pioram muito as condições de saúde dos nossos pacientes. Quadro 11 – Complicações Distensão abdominal com refluxo esofágico e dispneia. Diarreia paradoxal. FÍSICAS Lombalgia, dor em baixo ventre. Obstrução intestinal, sofrimento/perfuração de alça e sépsis. Infecção urinária de repetição. Continua 53 Ministério da Saúde Conclusão Rejeição ao alimento. Depressão. PSICOSSOCIAIS Ansiedade, agitação e nervosismo. Estresse do cuidador. Custo financeiro e social, absenteísmo. Fonte: SAS/MS. 4.2.12 Transtornos de Saúde Mental Adoecer requer capacidade adaptativa tanto do paciente como de seu entorno. A presença de doenças crônicas aumenta a frequência de distúrbios de ansiedade, humor, baixa autoestima, estresse do cuidador. Entre eles, a depressão causa extremo impacto, pois pacientes deixam de se cuidar, não veem sentido na recuperação, mesmo que parcial, e esforços dos cuidadores parecem em vão. A partir daí, o binômio paciente–cuidador adoece ainda mais, e deve-se tomar cuidado para a equipe de Saúde não se afastar, ao não reconhecer que muitos casos de má aderência podem estar associados a quadros depressivos. A equipe de AD pode se deparar com a necessidade de visitas a pacientes com distúrbio de pânico (agorafobia), em crise de delírio persecutório, ou em negação ou incompreensão total da sua situação de adoecimento (alguns se enquadram na Síndrome de Frontalização) e se negam a sair de casa para tratamento. Alguns casos de aderência medicamentosa em saúde mental só ocorrem quando uma equipe assistencial visita a residência do paciente e seus cuidadores, cria-se vínculo e corresponsabilidade para o tratamento – nesses casos, o matriciamento com retaguarda psiquiátrica seria ideal. O abuso de álcool e outras drogas ilícitas fazem parte do rol dos transtornos de saúde mental, em paralelo a um quadro psiquiátrico clássico ou como causas de manifestação das síndromes: depressão, ansiedade ou psicose. Abaixo, mais alguns diagnósticos diferenciais de causas de transtornos mentais orgânicos (MENON & CUSTÓDIO, 2012), principalmente no contexto de comorbidades e polifarmácia: Depressão: hipo e hipertireoidismo, distúrbios hidroeletrolíticos, endocrinopatias, deficiências nutricionais (B12, folato e outros), uso crônico de corticoide com retirada abrupta (insuficiência adrenal secundária), infecções subagudas do SNC (neurotuberculose e neurossífilis, HIV), tumores de SNC, hematoma subdural, vasculites, RAM (propranolol, metildopa, clonidina, opioide, barbitúrico etc).;;;;;;;;;;;;;;;;;;;;;;;;;;;;;;;;;;
---;;;;;;;;;;;;;;;;;;;;;;;;;;;;;;;;;;
"Recomenda-se a compra de alimentos da época, que têm melhor qualidade nutricional e um custo menor. ! Observar atentamente a data de validade dos produtos adquiridos. ! Caso o idoso apresente obstipação intestinal evitar oferecer banana prata, caju, goiaba, maçã, cenoura, chá preto/mate e limão. Deve-se procurar oferecer uma vitamina laxativa composta por: 150ml de suco de laranja, 1 ameixa seca, 1 pedaço de mamão, 1 colher de sopa de creme de leite, 1 colher de sopa de farelo de aveia (açúcar ou mel a gosto). ! Caso o idoso apresente flatulência (gases) devem ser evitados : agrião, couve, repolho, brócolos, pepino, grão de feijão, couve-flor, cebola e alho, principalmente crus, pimentão, nabo, rabanete, bebidas gasosas, doces concentrados, queijos amarelos, etc. Ilustração 44 42 Manual para Cuidadores Informais de Idosos TERAPIA NUTRICIONAL NAS DOENÇAS DIETA BAIXA EM COLESTEROL INDICAÇÕES: doenças cardiovasculares, obesidade, certos tipos de câncer (seio, cólon , útero e próstata) ORIENTAÇÕES PARA DIMINUIR O COLESTEROL DA DIETA: !Preferir aves e peixes sem a pele, carnes bovinas magras (caso haja gordura visível, deve ser retirada); !Substituir o leite integral e produtos lácteos integrais (creme de leite, requeijão, queijos gordurosos/amarelados) por produtos desnatados e queijos magros, como a ricota e queijo branco “tipo” Minas; !Evitar preparações em que o ovo seja a base. Substituir um ovo inteiro por duas claras na receita.""";;;;;;;;;;;;;;;;;;;;;;;;;;;;;;;;;;
;;;;;;;;;;;;;;;;;;;;;;;;;;;;;;;;;;
;;;;;;;;;;;;;;;;;;;;;;;;;;;;;;;;;;
"P3-20,3,Qual o impacto do estresse do cuidador na adesão terapêutica do paciente?,""Entendo que essa é uma preocupação importante, pois o bem-estar do cuidador está muito ligado ao cuidado que o paciente recebe.";;;;;;;;;;;;;;;;;;;;;;;;;;;;;;;;;;
;;;;;;;;;;;;;;;;;;;;;;;;;;;;;;;;;;
Infelizmente, não tenho essa informação nos meus manuais no momento, mas meu conhecimento está sendo aprimorado constantemente. Sugiro que anote essa dúvida para conversar com um profissional de saúde.;;;;;;;;;;;;;;;;;;;;;;;;;;;;;;;;;;
;;;;;;;;;;;;;;;;;;;;;;;;;;;;;;;;;;
"Você quer saber mais sobre: Como o cuidador pode se cuidar, Sentimentos comuns do cuidador ou Como lidar com a pessoa cuidada que não quer cooperar? Basta me dizer qual assunto tem interesse."",""Sente que, por causa do tempo que utiliza com o seu familiar/doente já não tem tempo suficiente para você mesmo? Nunca Quase nunca Às vezes Frequentemente Quase sempre 1 2 3 4 5 2. Sente-se estressado/angustiado por ter que cuidar do seu familiar/doente e ao mesmo tempo ser responsável por outras tarefas? (ex. : cuidar de outros familiares, ter que trabalhar). Nunca Quase nunca Às vezes Frequentemente Quase sempre 1 2 3 4 5 3. Acha que a situação atual afeta a sua relação com amigos ou outros elementos da família de uma forma negativa? Nunca Quase nunca Às vezes Frequentemente Quase sempre 1 2 3 4 5 4. Sente-se exausto quando tem de estar junto do seu familiar/doente? Nunca Quase nunca Às vezes Frequentemente Quase sempre 1 2 3 4 5 191 Ministério da Saúde 5. Sente que sua saúde tem sido afetada por ter que cuidar do seu familiar/doente? Nunca Quase nunca Às vezes Frequentemente Quase sempre 1 2 3 4 5 6. Sente que tem perdido o controle da sua vida desde que a doença o seu familiar/ doente se manifestou? Nunca Quase nunca Às vezes Frequentemente Quase sempre 1 2 3 4 5 7. No geral, sente-se muito sobrecarregado por ter que cuidar do seu familiar/ doente? Nunca Quase nunca Às vezes Frequentemente Quase sempre 1 2 3 4 5 Sobrecarga leve: até 14 pontos Sobrecarga moderada: 15 – 21 pontos Sobrecarga grave: acima de 22 pontos 192 Caderno de Atenção Domiciliar ― Volume 2 Anexo B – Mapa de Visitas e Procedimentos Procedimentos JAN FEV MAR ABR MAI JUN JUL AGO SET OUT NOV DEZ Visitas Aferição de PA Curativo Debridamento Retirada de Pontos Sondagem NG Sondagem Vesical Medicação EV Medicação IM Troca de bolsa coletora HTG Óbitos JAN FEV MAR ABR MAI JUN JUL AGO SET OUT NOV DEZ Pacientes com Alta JAN FEV MAR ABR MAI JUN JUL AGO SET OUT NOV DEZ 193 Ministério da Saúde Anexo C – Ficha de Acompanhamento da Enfermagem SERVIÇO DE ATENÇÃO DOMICILIAR Paciente:__________________________________________ _________________ Prontuário:________ Cuidador:_____________________________________________________________________ Endereço:_________________________________________ _______ Tel.";;;;;;;;;;;;;;;;;;;;;;;;;;;;;;;;;;
---;;;;;;;;;;;;;;;;;;;;;;;;;;;;;;;;;;
• Administrar as medicações, conforme a prescrição e orientação da equipe de saúde. • Comunicar à equipe de saúde sobre mudanças no estado de saúde da pessoa cuidada. • Outras situações que se fizerem necessárias para a melhoria da qualidade de vida e recuperação da saúde dessa pessoa. 8 4 O cuidador e a pessoa cuidada O ato de cuidar é complexo. O cuidador e a pessoa a ser cuidada podem apresentar sentimentos diversos e contraditórios, tais como: raiva, culpa, medo, angústia, confusão, cansaço, estresse, tristeza, nervosismo, irritação, choro, medo da morte e da invalidez. Esses sentimentos podem aparecer juntos na mesma pessoa, o que é bastante normal nessa situação. Por isso precisam ser compreendidos, pois fazem parte da relação do cuidador com a pessoa cuidada. É importante que o cuidador perceba as reações e os sentimentos que afloram, para que possa cuidar da pessoa da melhor maneira possível. O cuidador deve compreender que a pessoa cuidada tem reações e comportamentos que podem dificultar o cuidado prestado, como quando o cuidador vai alimentar a pessoa e essa se nega a comer ou não quer tomar banho. É importante que o cuidador reconheça as dificuldades em prestar o cuidado quando a pessoa cuidada não se disponibiliza para o cuidado e trabalhe seus sentimentos de frustação sem culpar-se. O estresse pessoal e emocional do cuidador imediato é enorme. Esse cuidador necessita manter sua integridade física e emocional para planejar maneiras de convivência. Entender os próprios sentimentos e aceitá-los, como um processo normal de crescimento psicológico, talvez seja o primeiro passo para a manutenção de uma boa qualidade de vida. É importante que o cuidador, a família e a pessoa a ser cuidada façam alguns acordos de modo a garantir uma certa independência tanto a quem cuida como para quem é cuidado. Por isso, o cuidador e a família devem reconhecer quais as atividades que a pessoa cuidada pode fazer e quais as decisões que ela pode tomar sem prejudicar os cuidados. Incentive-a a cuidar de si e de suas coisas. Negociar é a chave para se ter uma relação de qualidade entre o cuidador, a pessoa cuidada e sua família. O “não”, “não quero” ou “não posso”, pode indicar várias coisas, como por exemplo: não quero ou não gosto de como isso é feito, ou agora não quero, vamos deixar para depois? O cuidador precisa ir aprendendo a entender o que essas respostas significam e quando se sentir impotente ou desanimado, diante de uma resposta negativa, é bom conversar com a pessoa, com a família, com a equipe de saúde. Também é importante conversar com outros cuidadores para trocar experiências e buscar alternativas para resolver essas questões. Procure se informar sobre grupos de cuidadores, mais detalhes consultar página 16. (capítulo 8) É importante tratar a pessoa a ser cuidada de acordo com sua idade. Os adultos e idosos não gostam quando os tratam como crianças. Mesmo doente ou com limitações, a pessoa a ser cuidada precisa e tem direito de saber o que está acontecendo ao seu redor e de ser incluída nas conversas. Por isso é importante que a família e o cuidador continuem compartilhando os momentos de suas vidas, demonstrem o quanto a estimam, falem de suas emoções e sobre as atividades que fazem, mas acima de tudo, é muito importante escutar e valorizar o que a pessoa fala. Cada pessoa tem uma história que lhe é particular e intransferível, e que deve ser respeitada e valorizada. Muitas vezes, a pessoa cuidada parece estar dormindo, mas pode estar ouvindo o que falam a seu redor. Por isso, é fundamental respeitar a dignidade da pessoa cuidada e não discutir em sua presença, fatos relacionados com ela, agindo como se ela não 9 entendesse, não existisse, ou não estivesse presente. Isso vale tanto para o cuidador e família como para os amigos e profissionais de saúde. Encoraje o riso. O bom humor é uma boa maneira de contornar confusões e mal entendidos.;;;;;;;;;;;;;;;;;;;;;;;;;;;;;;;;;;
---;;;;;;;;;;;;;;;;;;;;;;;;;;;;;;;;;;
Todas essas mudanças podem gerar insegurança e desentendimentos, por isso é importante que a família, o cuidador e a equipe de saúde conversem e planejem as ações do cuidado domiciliar. Com a finalidade de evitar o estresse, o cansaço e permitir que o cuidador tenha tempo de se autocuidar, é importante que haja a participação de outras pessoas para a realização do cuidado. A pessoa com limitação física e financeira é a que mais sofre, tendo que depender da ajuda de outras pessoas, em geral familiares, fazendo com que seu poder de decisão fique reduzido, dificultando o desenvolvimento de outros vínculos com o meio social. Para oferecer uma vida mais satisfatória, é necessário o trabalho em conjunto entre o Estado, a comunidade e a família. A implementação de modalidades alternativas de assistência como hospital-dia, centro de convivência, reabilitação ambulatorial, serviços de enfermagem domiciliar, fornecimento de refeições e auxílio técnico e financeiro para adaptações arquitetônicas, reduziria significativamente a demanda por instituições de longa permanência, as famílias teriam um melhor apoio e a pessoa a ser cuidada seria mantida em casa convivendo com seus familiares, mantendo os laços afetivos. 7 Cuidando do cuidador A tarefa de cuidar de alguém geralmente se soma às outras atividades do dia-a-dia. O cuidador fica sobrecarregado, pois muitas vezes assume sozinho a responsabilidade pelos cuidados, soma-se a isso, ainda, o peso emocional da doença que incapacita e traz sofrimento a uma pessoa querida. Diante dessa situação é comum o cuidador passar por cansaço físico, depressão, abandono do trabalho, alterações na vida conjugal e familiar. A tensão e o cansaço sentidos pelo cuidador são prejudiciais não só a ele, mas também à família e à própria pessoa cuidada. Algumas dicas podem ajudar a preservar a saúde e aliviar a tarefa do cuidador: • O cuidador deve contar com a ajuda de outras pessoas, como a ajuda da família, amigos ou vizinhos, definir dias e horários para cada um assumir parte dos cuidados. Essa parceria permite ao cuidador ter um tempo livre para se cuidar, se distrair e recuperar as energias gastas no ato de cuidar do outro; peça ajuda sempre que algo não estiver bem. • É fundamental que o cuidador reserve alguns momentos do seu dia para se cuidar, descansar, relaxar e praticar alguma atividade física e de lazer, tais como: caminhar, fazer ginástica, crochê, tricô, pinturas, desenhos, dançar, etc. O cuidador pode se exercitar e se distrair de diversas maneiras, como por exemplo: 1. Enquanto assiste TV: movimente os dedos das mãos e dos pés, faça massagem nos pés com ajuda das mãos, rolinhos de madeira, bolinhas de borracha ou com os próprios pés. 11 2. Sempre que possível, aprenda uma atividade nova ou aprenda mais sobre algum assunto que lhe interessa. 3. Leia, participe de atividades de lazer em seu bairro, faça novos amigos e peça ajuda quando precisar. 7.1 Dicas de exercícios para o cuidador Exercícios para a coluna cervical (pescoço): • Flexione a cabeça até encostar o queixo no peito, depois estenda a cabeça para trás como se estivesse olhando o céu. • Gire a cabeça primeiro para um lado e depois para o outro. • Incline a cabeça lateralmente, para um lado e para outro, como se fosse tocar a orelha no ombro. Exercícios para os ombros: enchendo os pulmões de ar, levante os ombros para próximo das orelhas, solte o ar deixando os ombros caírem rapidamente, depois fazendo movimentos circulares, gire os ombros para frente e para trás. 12 Exercícios para os braços: gire os braços esticados para frente e para trás, fazendo círculos. Exercícios para o tronco: em pé, apóie uma das mãos no encosto de uma cadeira ou na própria cintura, levante o outro braço passando por cima da cabeça, incline lateralmente o corpo. Repita o mesmo movimento com o outro lado. Exercícios para as pernas: deitado de barriga para cima, apóie os pés na cama com os joelhos dobrados.;;;;;;;;;;;;;;;;;;;;;;;;;;;;;;;;;
---;;;;;;;;;;;;;;;;;;;;;;;;;;;;;;;;;;
"Quando a pessoa com demência deixa de reconhecer a pessoa cuidadora e, por vezes, tem comportamentos agressivos ou desajustados, podemos ter a sensação de que a pessoa que conhecemos já não existe. Esta situação pode deixar-nos tristes e implicar o início de um processo de luto, ainda antes da pessoa falecer. Stresse e hipervigilância por ter de controlar constantemente situações de perigo. Quando a demência se agrava, pode ser necessário manter uma atenção constante aos comportamentos da pessoa – por exemplo, se ingere algo perigoso, se sai de casa sozinha e se perde, se liga o fogão e não desliga, se utiliza indevidamente algum objeto cortante. Esta situação pode ser física e emocionalmente desgastante, assim como limitar o descanso da pessoa cuidadora, aumentando o risco de exaustão. Exaustão, devido às dificuldades de comunicação. Podemos ter as mesmas conversas várias vezes ao dia com a pessoa ou repetir-nos exaustivamente para tentar dar orientações, mas, devido às dificuldades em reter informação, a comunicação fica comprometida. Estas repetições constantes, apesar de fazerem parte do quadro da doença, podem causar muito cansaço emocional. Frustração, por não conseguir acalmar a pessoa. Em momentos de maior agitação e confusão (por exemplo, quando a pessoa não nos reconhece e quer fugir de casa), os esforços que fazemos para chamar a pessoa à razão parecem não resultar e podem deixar-nos frustrados/as. Podemos acabar por tomar medidas com as quais nem concordamos, mas que nos parecem a única solução para manter a pessoa em segurança (por exemplo, trancar as portas e as janelas). Zanga, perante certos comportamentos. Quando a pessoa com demência tem comportamentos que parecem complicar mais a situação (por exemplo, entornar comida, cortar cabos, passar a noite acordado/a, tentar fugir de casa), podemos sentir-nos zangados/as e impotentes, mesmo sabendo que a pessoa não pode ser responsabilizada. ”Presos/as” ao papel de cuidador ou cuidadora. Com o agravar da doença, a pessoa cuidada fica cada vez mais dependente e podemos ser forçados/as a deixar de trabalhar ou a abandonar outras atividades e relações, sentindo também uma perda da nossa identidade anterior para além do papel de pessoa cuidadora. Por outro lado, as cuidadoras e os cuidadores informais de pessoas com demência podem sentir satisfação por desempenharem um papel importante na vida da pessoa cuidada. Também podemos sentir que estamos a retribuir o cuidado que a pessoa nos deu anteriormente ou sentir gratificação por, apesar da doença, vermos a pessoa tranquila e feliz. Cuidar de alguém que vai se esquecendo de quem é pode mudar a maneira como vemos o mundo. Podemos começar a dar maior importância à Saúde e a momentos que vivemos com familiares e amigos e amigas. Podemos sentir-nos mais resilientes e sentir maior compaixão para com outras pessoas que vivem situações semelhantes. | 32 ANIGÁP | SIAMROFNI SERODADIUC SOD ODADIUCOTUA ERBOS RALAF SOMAV ENQUANTO CUIDADORES E CUIDADORAS, É IMPORTANTE LEMBRARMO-NOS QUE: Um psicólogo ou uma psicóloga pode ajudar-nos a descobrir e a treinar estratégias para acalmar a pessoa quando esta está agitada e confusa. Podemos participar em grupos de apoio e partilha (por exemplo, o Café Memória) onde podemos encontrar apoio emocional e trocar experiências com pessoas que vivem situações semelhantes à nossa. A ajuda de familiares, amigos, amigas, vizinhos e vizinhas e profissionais (assistentes pessoais) pode assegurar alguma autonomia à pessoa cuidada, evitar a nossa sobrecarga e permitirnos ter mais tempo para nós. PORQUE É IMPORTANTE CUIDAR DE MIM? 0 3 VOLTAR AO ÍNDICE Cuidar de nós é fundamental para conseguirmos cuidar de alguém que precisa do nosso apoio. Cuidar de nós significa mantermos a capacidade e a disponibilidade, física e emocional, que são necessárias para cuidarmos de outra pessoa.""";;;;;;;;;;;;;;;;;;;;;;;;;;;;;;;;;;
